{
  "w/o PGMC": {
    "other_mean": 0.08095908907041321,
    "full_mean": 0.07889797795557776,
    "rel_improvement_pct": 2.5458674726970107,
    "t": 1.1139971249319256,
    "p": 0.2791748506162019,
    "cohens_d": 0.24909732977860624,
    "n_seeds": 20
  },
  "w/o DANN": {
    "other_mean": 0.08095665544437187,
    "full_mean": 0.07889797795557776,
    "rel_improvement_pct": 2.5429379184379717,
    "t": 1.5905911596128932,
    "p": 0.12820298124491072,
    "cohens_d": 0.35566699566901794,
    "n_seeds": 20
  },
  "w/o adaptive gate": {
    "other_mean": 0.08624436300890723,
    "full_mean": 0.07889797795557776,
    "rel_improvement_pct": 8.518104600727048,
    "t": 5.237123060541728,
    "p": 4.694128647071454e-05,
    "cohens_d": 1.1710563168036316,
    "n_seeds": 20
  },
  "temporal-only": {
    "other_mean": 0.08471423426474305,
    "full_mean": 0.07889797795557776,
    "rel_improvement_pct": 6.86573674382598,
    "t": 4.143900772645364,
    "p": 0.0005515973547791892,
    "cohens_d": 0.9266043818172734,
    "n_seeds": 20
  },
  "spectral-only": {
    "other_mean": 0.16236082957043957,
    "full_mean": 0.07889797795557776,
    "rel_improvement_pct": 51.40578046791254,
    "t": 46.83065852295305,
    "p": 4.276022089063428e-21,
    "cohens_d": 10.471653587526468,
    "n_seeds": 20
  },
  "PGMC batch-ordering": {
    "other_mean": 0.07973247567181337,
    "full_mean": 0.07889797795557776,
    "rel_improvement_pct": 1.046622106242475,
    "t": 0.3920968549765213,
    "p": 0.6993500890268063,
    "cohens_d": 0.0876755221399263,
    "n_seeds": 20
  },
  "baseline bilstm": {
    "other_mean": 0.09767150748735545,
    "full_mean": 0.07889797795557776,
    "rel_improvement_pct": 19.22109120124731,
    "t": 6.326929643981429,
    "p": 4.516481159040759e-06,
    "cohens_d": 1.4147444771734885,
    "n_seeds": 20
  },
  "baseline cnn": {
    "other_mean": 0.14271279845319093,
    "full_mean": 0.07889797795557776,
    "rel_improvement_pct": 44.71555542970037,
    "t": 6.1468674906513066,
    "p": 6.583160240494325e-06,
    "cohens_d": 1.374481355748383,
    "n_seeds": 20
  },
  "baseline cnnlstm": {
    "other_mean": 0.09461982150645451,
    "full_mean": 0.07889797795557776,
    "rel_improvement_pct": 16.61580343374911,
    "t": 5.296664120267866,
    "p": 4.116020514822824e-05,
    "cohens_d": 1.184370102601085,
    "n_seeds": 20
  },
  "baseline transformer": {
    "other_mean": 0.2389311623059382,
    "full_mean": 0.07889797795557776,
    "rel_improvement_pct": 66.97878284518065,
    "t": 16.743316849381486,
    "p": 7.839931779964647e-13,
    "cohens_d": 3.743919464315873,
    "n_seeds": 20
  }
}